{"cameraMode":{"drawMode":0,"name":"Shaded","section":"Shading Mode"},"sceneLighting":true,"audioPlay":false,"sceneViewState":{"showFog":true,"showMaterialUpdate":false,"showSkybox":true,"showFlares":true,"showImageEffects":true,"showParticleSystems":true},"in2DMode":false,"pivot":{"x":-5.881632328033447,"y":13.668317794799805,"z":-3.561582088470459},"rotation":{"x":-0.5702447891235352,"y":0.013552830554544926,"z":-0.009409893304109574,"w":-0.8213091492652893},"size":19.23267936706543,"orthographic":false}