{"cameraMode":{"drawMode":0,"name":"Shaded","section":"Shading Mode"},"sceneLighting":false,"audioPlay":false,"sceneViewState":{"showFog":true,"showMaterialUpdate":false,"showSkybox":false,"showFlares":true,"showImageEffects":true,"showParticleSystems":true},"in2DMode":false,"pivot":{"x":132.6399383544922,"y":4.690799713134766,"z":7.910332202911377},"rotation":{"x":-0.00873770285397768,"y":0.6853132247924805,"z":0.008223763667047024,"w":0.7281495928764343},"size":143.8976287841797,"orthographic":false}